caldt,vwretd,predictions
2015-12-30,-0.007063,0.00025111588
2015-12-31,-0.009432,0.00030352297
2016-01-04,-0.01519,0.0003709982
2016-01-05,0.002134,0.00068256375
2016-01-06,-0.012566,0.00049541146
2016-01-07,-0.023433,0.00058011507
2016-01-08,-0.010898,0.0013314292
2016-01-11,0.001055,0.0009042133
2016-01-12,0.007732,0.00061429356
2016-01-13,-0.02505,0.00042016513
2016-01-14,0.016641,0.0012434038
2016-01-15,-0.021666,0.0009164383
2016-01-19,0.000584,0.0013609373
2016-01-20,-0.011584,0.00083350175
2016-01-21,0.0054,0.0006664087
2016-01-22,0.020313,0.0004618977
2016-01-25,-0.015346,0.00056283217
2016-01-26,0.014103,0.0007544184
2016-01-27,-0.010767,0.0005508077
2016-01-28,0.005788,0.0005121847
2016-01-29,0.024522,0.00037621416
2016-02-01,-0.000353,0.0005754429
2016-02-02,-0.018668,0.00044443412
2016-02-03,0.004892,0.00094362104
2016-02-04,0.001674,0.0006012379
2016-02-05,-0.018423,0.00045171054
2016-02-08,-0.014244,0.00091319357
2016-02-09,-0.000563,0.00083514943
2016-02-10,0.000266,0.0005781157
2016-02-11,-0.011938,0.0004531019
2016-02-12,0.019408,0.0004950736
2016-02-16,0.016836,0.0005877028
2016-02-17,0.016645,0.00053937745
2016-02-18,-0.004807,0.00049186
2016-02-19,0.000267,0.0004097048
2016-02-22,0.014515,0.00036219202
2016-02-23,-0.012147,0.00032037543
2016-02-24,0.004499,0.00047366385
2016-02-25,0.011663,0.000379526
2016-02-26,-0.001762,0.00028600864
2016-02-29,-0.008096,0.00030071178
2016-03-01,0.023751,0.00034125225
2016-03-02,0.004158,0.00051899196
2016-03-03,0.003601,0.00039060833
2016-03-04,0.003277,0.0003368248
2016-03-07,0.000897,0.00031244714
2016-03-08,-0.010939,0.00031251696
2016-03-09,0.00514,0.000431219
2016-03-10,0.00021,0.00034674536
2016-03-11,0.016578,0.000334256
2016-03-14,-0.001083,0.00034632505
2016-03-15,-0.001833,0.00032946674
2016-03-16,0.00577,0.00032496877
2016-03-17,0.006394,0.0002892535
2016-03-18,0.004326,0.00026373018
2016-03-21,0.001002,0.0002685014
2016-03-22,-0.000759,0.00029003527
2016-03-23,-0.006336,0.0003047186
2016-03-24,-0.000324,0.0003283252
2016-03-28,0.000579,0.00032638304
2016-03-29,0.008996,0.0003233296
2016-03-30,0.004496,0.0002639721
2016-03-31,-0.00203,0.00027061324
2016-04-01,0.006388,0.00029417092
2016-04-04,-0.003057,0.00027078536
2016-04-05,-0.010146,0.00029566107
2016-04-06,0.01086,0.00039875266
2016-04-07,-0.011989,0.0002961505
2016-04-08,0.002779,0.00047134515
2016-04-11,-0.002804,0.00038552601
2016-04-12,0.009759,0.0003548803
2016-04-13,0.01009,0.000275757
2016-04-14,0.000235,0.00022815072
2016-04-15,-0.000877,0.00026926625
2016-04-18,0.00664,0.00029394607
2016-04-19,0.002914,0.00026603285
2016-04-20,0.00074,0.00027972402
2016-04-21,-0.00523,0.00029643456
2016-04-22,1.9e-05,0.00031552004
2016-04-25,-0.001657,0.00031901058
2016-04-26,0.001775,0.00032242673
2016-04-27,0.00174,0.00031695174
2016-04-28,-0.009142,0.00031358804
2016-04-29,-0.004948,0.0003707552
2016-05-02,0.007958,0.00035285106
2016-05-03,-0.008675,0.00028619822
2016-05-04,-0.0056,0.00034528115
2016-05-05,9.5e-05,0.0003419127
2016-05-06,0.003474,0.00033324113
2016-05-09,0.000921,0.00031212697
2016-05-10,0.012501,0.0003135588
2016-05-11,-0.009117,0.000257793
2016-05-12,4.8e-05,0.00033918166
2016-05-13,-0.008524,0.00032962847
2016-05-16,0.009907,0.0003649131
2016-05-17,-0.009345,0.00028284985
2016-05-18,4.7e-05,0.00036196265
2016-05-19,-0.003166,0.00034073376
2016-05-20,0.006168,0.00033493974
2016-05-23,-0.002063,0.00029036604
2016-05-24,0.013685,0.00030701706
2016-05-25,0.006974,0.00026952295
2016-05-26,-3.9e-05,0.00024204068
2016-05-27,0.004409,0.00027692397
2016-05-31,-0.000821,0.00027407464
2016-06-01,0.001266,0.00029639562
2016-06-02,0.002911,0.00030432234
2016-06-03,-0.002827,0.00030011084
2016-06-06,0.004856,0.00031240896
2016-06-07,0.001246,0.00029220493
2016-06-08,0.003516,0.0003011262
2016-06-09,-0.001697,0.00029519323
2016-06-10,-0.009141,0.00030861027
2016-06-13,-0.007757,0.00037169718
2016-06-14,-0.001673,0.00037723317
2016-06-15,-0.001711,0.00035560707
2016-06-16,0.003261,0.00034216745
2016-06-17,-0.003229,0.0003196446
2016-06-20,0.005859,0.00032319268
2016-06-21,0.002732,0.00028912316
2016-06-22,-0.001645,0.00029442224
2016-06-23,0.013333,0.0003077705
2016-06-24,-0.035723,0.00025946024
2016-06-27,-0.018012,0.0009034487
2016-06-28,0.017816,0.001117111
2016-06-29,0.017256,0.0008661186
2016-06-30,0.013529,0.00068522186
2016-07-01,0.002169,0.00044954082
2016-07-05,-0.006639,0.00036827108
2016-07-06,0.005709,0.00036061308
2016-07-07,-0.000774,0.0003088957
2016-07-08,0.015192,0.0003145932
2016-07-11,0.003447,0.0002862415
2016-07-12,0.006791,0.00028374483
2016-07-13,0.000253,0.0002599156
2016-07-14,0.005231,0.000285476
2016-07-15,-0.000962,0.00027828262
2016-07-18,0.002433,0.00029687915
2016-07-19,-0.001407,0.00030178213
2016-07-20,0.004373,0.00031059506
2016-07-21,-0.003588,0.00029962673
2016-07-22,0.004509,0.00031214568
2016-07-25,-0.00288,0.0002987793
2016-07-26,0.000199,0.00031070682
2016-07-27,-0.001334,0.00031499576
2016-07-28,0.001742,0.00031844046
2016-07-29,0.001739,0.0003161611
2016-08-01,-0.001183,0.00031423089
2016-08-02,-0.006411,0.0003176962
2016-08-03,0.003364,0.00034100434
2016-08-04,0.000503,0.00032140175
2016-08-05,0.008638,0.00031973404
2016-08-08,-0.000817,0.00026868147
2016-08-09,0.000379,0.00029186014
2016-08-10,-0.002326,0.0003038376
2016-08-11,0.004847,0.00031272235
2016-08-12,-0.000708,0.00029860207
2016-08-15,0.002835,0.0003077948
2016-08-16,-0.005339,0.00030597777
2016-08-17,0.002046,0.00032352487
2016-08-18,0.002338,0.00031809136
2016-08-19,-0.001407,0.00031333184
2016-08-22,-0.000531,0.0003169573
2016-08-23,0.001901,0.00031908232
2016-08-24,-0.005186,0.00031572755
2016-08-25,-0.001417,0.0003277257
2016-08-26,-0.001507,0.0003262872
2016-08-29,0.005327,0.0003254648
2016-08-30,-0.001856,0.0002987209
2016-08-31,-0.002113,0.00030982232
2016-09-01,6.2e-05,0.00031694176
2016-09-02,0.004168,0.00031927688
2016-09-06,0.003044,0.00030325024
2016-09-07,4.8e-05,0.000301306
2016-09-08,-0.002212,0.0003092345
2016-09-09,-0.024631,0.00031603547
2016-09-12,0.01485,0.0011853712
2016-09-13,-0.014479,0.00077341043
2016-09-14,-0.000556,0.00085766584
2016-09-15,0.010268,0.00058998616
2016-09-16,-0.003711,0.00039634915
2016-09-19,-9.6e-05,0.00035940652
2016-09-20,0.000339,0.00034034153
2016-09-21,0.01084,0.0003302659
2016-09-22,0.006607,0.00025872968
2016-09-23,-0.005616,0.00024650467
2016-09-26,-0.008566,0.00029083694
2016-09-27,0.006602,0.00035251345
2016-09-28,0.005421,0.0002989525
2016-09-29,-0.009336,0.00028023747
2016-09-30,0.00802,0.00036162158
2016-10-03,-0.003092,0.00029194925
2016-10-04,-0.004863,0.00030770098
2016-10-05,0.00464,0.0003203895
2016-10-06,0.000282,0.00030018127
2016-10-07,-0.003269,0.00030897665
2016-10-10,0.004571,0.00031755428
2016-10-11,-0.012473,0.00029814604
2016-10-12,0.001211,0.0004906882
2016-10-13,-0.002939,0.00040470713
2016-10-14,0.000234,0.00036646504
2016-10-17,-0.003031,0.00034447742
2016-10-18,0.00619,0.00033661182
2016-10-19,0.002284,0.00029296562
2016-10-20,-0.001259,0.0002979698
2016-10-21,0.000169,0.00030983248
2016-10-24,0.004968,0.00031492178
2016-10-25,-0.003734,0.00029204477
2016-10-26,-0.001806,0.00030851562
2016-10-27,-0.002978,0.00031711825
2016-10-28,-0.003027,0.0003226228
2016-10-31,1.7e-05,0.00032613473
2016-11-01,-0.006804,0.00032491394
2016-11-02,-0.006457,0.00034293736
2016-11-03,-0.004079,0.00034949143
2016-11-04,-0.001766,0.0003420862
2016-11-07,0.022186,0.00033620905
2016-11-08,0.004279,0.0004836312
2016-11-09,0.010919,0.00037099846
2016-11-10,0.001676,0.00027059496
2016-11-11,-0.001388,0.00028532324
2016-11-14,-7.8e-05,0.00030182465
2016-11-15,0.007828,0.0003104971
2016-11-16,-0.001269,0.00026553654
2016-11-17,0.004581,0.00029166043
2016-11-18,-0.00234,0.0002839468
2016-11-21,0.007546,0.0003024774
2016-11-22,0.002337,0.00026381572
2016-11-23,0.000806,0.00028185832
2016-11-25,0.003954,0.00029754674
2016-11-28,-0.00509,0.00029106747
2016-11-29,0.001574,0.00031178573
2016-11-30,-0.002682,0.0003125071
2016-12-01,-0.003684,0.00031896704
2016-12-02,0.000426,0.0003243536
2016-12-05,0.005921,0.00032312848
2016-12-06,0.003436,0.00028918387
2016-12-07,0.01338,0.0002894157
2016-12-08,0.002241,0.00024631745
2016-12-09,0.005862,0.00027017234
2016-12-12,-0.001109,0.00026037171
2016-12-13,0.006688,0.00028798007
2016-12-14,-0.008034,0.00026505956
2016-12-15,0.00383,0.00033156527
2016-12-16,-0.001763,0.00031212313
2016-12-19,0.002005,0.000316563
2016-12-20,0.003783,0.0003133353
2016-12-21,-0.002423,0.00030211065
2016-12-22,-0.001929,0.00031172947
2016-12-23,0.001354,0.00031790888
2016-12-27,0.002297,0.0003169431
2016-12-28,-0.008145,0.00031265905
2016-12-29,-0.000246,0.0003840348
2016-12-30,-0.004634,0.00033634438
2017-01-03,0.008524,0.00033198993
2017-01-04,0.006017,0.00024604716
2017-01-05,-0.000701,0.00022628812
2017-01-06,0.003721,0.00025281805
2017-01-09,-0.003469,0.00025106585
2017-01-10,-1.3e-05,0.00027563638
2017-01-11,0.002982,0.0002804013
2017-01-12,-0.002043,0.00027208345
2017-01-13,0.001778,0.0002816689
2017-01-17,-0.002746,0.00027874354
2017-01-18,0.001894,0.00028800493
2017-01-19,-0.003551,0.0002820794
2017-01-20,0.003397,0.00029363902
2017-01-23,-0.002582,0.00027729932
2017-01-24,0.00661,0.00028635215
2017-01-25,0.007907,0.00024173771
2017-01-26,-0.00068,0.00019910028
2017-01-27,-0.000971,0.00023810567
2017-01-30,-0.005914,0.00026091383
2017-01-31,-0.00082,0.0003082265
2017-02-01,0.000408,0.0003005477
2017-02-02,0.000709,0.00029381114
2017-02-03,0.007206,0.00028861006
2017-02-06,-0.002143,0.00023527333
2017-02-07,0.000334,0.00026099055
2017-02-08,0.001084,0.00027155844
2017-02-09,0.005981,0.00027517864
2017-02-10,0.003575,0.00024250287
2017-02-13,0.005383,0.00024573377
2017-02-14,0.004298,0.000232001
2017-02-15,0.005146,0.00023426987
2017-02-16,-0.000909,0.00022876881
2017-02-17,0.002005,0.00025406037
2017-02-21,0.006131,0.00026195377
2017-02-22,-0.001011,0.00023454499
2017-02-23,0.000395,0.00025796134
2017-02-24,0.001748,0.00026915508
2017-02-27,0.00103,0.0002717501
2017-02-28,-0.002684,0.00027496959
2017-03-01,0.013612,0.00028602325
2017-03-02,-0.00567,0.00017748645
2017-03-03,0.000452,0.00026129748
2017-03-06,-0.003245,0.00027010057
2017-03-07,-0.002858,0.00028622654
2017-03-08,-0.001883,0.0002939084
2017-03-09,0.000825,0.0002950785
2017-03-10,0.003283,0.00029002602
2017-03-13,0.000669,0.0002764142
2017-03-14,-0.003223,0.00027871557
2017-03-15,0.008363,0.00029084634
2017-03-16,-0.001362,0.00022752689
2017-03-17,-0.001342,0.00025541754
2017-03-20,-0.002016,0.00027128973
2017-03-21,-0.012262,0.00028272584
2017-03-22,0.001926,0.00066748343
2017-03-23,-0.001041,0.00047775076
2017-03-24,-0.000811,0.000383644
2017-03-27,-0.000943,0.00033732015
2017-03-28,0.007258,0.0003148626
2017-03-29,0.001449,0.00025234587
2017-03-30,0.002962,0.00026204888
2017-03-31,-0.002145,0.00026143758
2017-04-03,-0.001601,0.00027612923
2017-04-04,0.000741,0.00028352498
2017-04-05,-0.002921,0.0002833921
2017-04-06,0.002122,0.00029248354
2017-04-07,-0.000729,0.0002842388
2017-04-10,0.000785,0.00028592543
2017-04-11,-0.001251,0.00028416514
2017-04-12,-0.003692,0.00028701892
2017-04-13,-0.006767,0.0002996987
2017-04-17,0.008592,0.00035400662
2017-04-18,-0.002756,0.0002593796
2017-04-19,-0.001583,0.0002773244
2017-04-20,0.007563,0.00028463505
2017-04-21,-0.003016,0.00023242521
2017-04-24,0.010778,0.00026395428
2017-04-25,0.005989,0.00018069366
2017-04-26,-0.000463,0.00019213647
2017-04-27,0.000718,0.00023291755
2017-04-28,-0.001755,0.0002544963
2017-05-01,0.001752,0.00027174538
2017-05-02,0.001156,0.00027395837
2017-05-03,-0.001165,0.00027617888
2017-05-04,0.000778,0.00028205654
2017-05-05,0.004036,0.00028203224
2017-05-08,0.00012,0.00026835024
2017-05-09,-0.00084,0.00027453754
2017-05-10,0.001544,0.00028037935
2017-05-11,-0.001886,0.00027898833
2017-05-12,-0.001505,0.00028563128
2017-05-15,0.004893,0.00028894228
2017-05-16,-0.000532,0.00026503173
2017-05-17,-0.017765,0.00027438486
2017-05-18,0.003894,0.0012930069
2017-05-19,0.006803,0.0007687081
2017-05-22,0.005194,0.00048368302
2017-05-23,0.001866,0.0003542971
2017-05-24,0.002619,0.0003113098
2017-05-25,0.004637,0.0002872042
2017-05-26,0.000442,0.00026236367
2017-05-30,-0.001077,0.00026950543
2017-05-31,-0.000246,0.0002774879
2017-06-01,0.00779,0.00028139446
2017-06-02,0.003729,0.00022718975
2017-06-05,-0.001125,0.00023826725
2017-06-06,-0.002917,0.00026030498
2017-06-07,0.001804,0.0002797111
2017-06-08,0.000242,0.0002782892
2017-06-09,-0.001078,0.00028070738
2017-06-12,-0.000905,0.0002846823
2017-06-13,0.004788,0.00028706854
2017-06-14,-0.000869,0.0002633435
2017-06-15,-0.002126,0.0002741537
2017-06-16,-4e-06,0.00028376654
2017-06-19,0.008362,0.0002852549
2017-06-20,-0.006614,0.0002206719
2017-06-21,-0.000311,0.00030384999
2017-06-22,-0.000292,0.0002956405
2017-06-23,0.001557,0.00029137963
2017-06-26,0.000369,0.00028490752
2017-06-27,-0.008077,0.00028399326
2017-06-28,0.008989,0.00038087144
2017-06-29,-0.008639,0.00026515682
2017-06-30,0.001448,0.00039462626
2017-07-03,0.002172,0.00033920043
2017-07-05,0.001723,0.00030760787
2017-07-06,-0.008985,0.0002909628
2017-07-07,0.006416,0.0004189415
2017-07-10,0.000841,0.00031663117
2017-07-11,-0.000699,0.00029757808
2017-07-12,0.007441,0.00029217472
2017-07-13,0.001951,0.00023536314
2017-07-14,0.00478,0.00025094044
2017-07-17,-4.9e-05,0.00024203486
2017-07-18,0.00062,0.0002599944
2017-07-19,0.005406,0.00026950563
2017-07-20,-2e-06,0.00024717624
2017-07-21,-0.000323,0.00026318384
2017-07-24,-0.00093,0.00027315962
2017-07-25,0.002977,0.00028034265
2017-07-26,0.000367,0.00027281902
2017-07-27,-0.000869,0.00027696433
2017-07-28,-0.001417,0.00028206682
2017-07-31,-0.000852,0.00028654846
2017-08-01,0.002376,0.00028821823
2017-08-02,0.000468,0.0002804453
2017-08-03,-0.002013,0.0002812848
2017-08-04,0.001812,0.0002872402
2017-08-07,0.001737,0.00028205046
2017-08-08,-0.002294,0.00027874383
2017-08-09,-0.000307,0.00028639575
2017-08-10,-0.014158,0.00028699578
2017-08-11,0.001418,0.0008423205
2017-08-14,0.010084,0.00056432636
2017-08-15,-0.000278,0.0003435555
2017-08-16,0.001705,0.00031025417
2017-08-17,-0.015426,0.00029076857
2017-08-18,-0.001856,0.0009765922
2017-08-21,0.001212,0.0006349075
2017-08-22,0.00994,0.00045890987
2017-08-23,-0.003371,0.00028848846
2017-08-24,-0.002188,0.0002913492
2017-08-25,0.001694,0.00029195944
2017-08-28,0.000432,0.00028412987
2017-08-29,0.001036,0.00028345778
2017-08-30,0.004883,0.0002812009
2017-08-31,0.00567,0.0002556647
2017-09-01,0.002032,0.00023275417
2017-09-05,-0.007371,0.00024889642
2017-09-06,0.003125,0.0003308306
2017-09-07,0.000169,0.00029836484
2017-09-08,-0.001551,0.00029109025
2017-09-11,0.010761,0.00029097154
2017-09-12,0.003469,0.00019207351
2017-09-13,0.000841,0.00021829155
2017-09-14,-0.000843,0.00024467334
2017-09-15,0.001692,0.0002638959
2017-09-18,0.001354,0.00026875452
2017-09-19,0.001015,0.0002722906
2017-09-20,0.000675,0.00027534371
2017-09-21,-0.00302,0.0002778326
2017-09-22,0.000616,0.00028887636
2017-09-25,-0.002247,0.0002867304
2017-09-26,0.000224,0.0002913244
2017-09-27,0.004093,0.0002890156
2017-09-28,0.001397,0.000269255
2017-09-29,0.00366,0.00027209957
2017-10-02,0.003852,0.00026232767
2017-10-03,0.002259,0.00025530293
2017-10-04,0.001291,0.00026057486
2017-10-05,0.00588,0.0002674078
2017-10-06,-0.000768,0.00023999606
2017-10-09,-0.001758,0.00026041057
2017-10-10,0.002565,0.00027489715
2017-10-11,0.001959,0.000272036
2017-10-12,-0.001502,0.00027228746
2017-10-13,0.000898,0.0002805137
2017-10-16,0.001685,0.0002808055
2017-10-17,0.000645,0.00027839403
2017-10-18,0.000807,0.00027959922
2017-10-19,0.000345,0.0002799794
2017-10-20,0.005192,0.00028127662
2017-10-23,-0.003903,0.00025568123
2017-10-24,0.001649,0.00028137883
2017-10-25,-0.004605,0.00027943286
2017-10-26,0.001247,0.00030167756
2017-10-27,0.008374,0.00029238942
2017-10-30,-0.003219,0.00022390576
2017-10-31,0.001062,0.00025979
2017-11-01,0.001601,0.00026932434
2017-11-02,0.000333,0.00027230012
2017-11-03,0.003278,0.0002769396
2017-11-06,0.001301,0.000268344
2017-11-07,-9.2e-05,0.0002719208
2017-11-08,0.001637,0.00027733936
2017-11-09,-0.003541,0.00027645228
2017-11-10,-0.000429,0.0002912375
2017-11-13,0.001019,0.00029005427
2017-11-14,-0.002001,0.0002861227
2017-11-15,-0.005351,0.00029022136
2017-11-16,0.009226,0.00031908523
2017-11-17,-0.002675,0.00022967323
2017-11-20,0.001258,0.000260477
2017-11-21,0.006422,0.00026905996
2017-11-22,-0.000617,0.00023546518
2017-11-24,0.002211,0.00025774835
2017-11-27,-0.00027,0.0002633832
2017-11-28,0.009686,0.00027310825
2017-11-29,-0.00028,0.00019612124
2017-11-30,0.008424,0.00023519334
2017-12-01,-0.002015,0.00019045768
2017-12-04,-0.001111,0.00023653427
2017-12-05,-0.00358,0.00026086107
2017-12-06,-1.7e-05,0.00028394628
2017-12-07,0.003135,0.00028579248
2017-12-08,0.005568,0.0002751829
2017-12-11,0.00318,0.00024874398
2017-12-12,0.001538,0.00025248918
2017-12-13,-0.000367,0.00026207368
2017-12-14,-0.003837,0.00027217303
2017-12-15,0.008871,0.00029162405
2017-12-18,0.005425,0.0002185835
2017-12-19,-0.003125,0.00021964293
2017-12-20,-0.000778,0.000257178
2017-12-21,0.001918,0.00027151746
2017-12-22,-0.000401,0.00027307216
2017-12-26,-0.000854,0.0002789401
2017-12-27,0.000805,0.00028345454
2017-12-28,0.002006,0.00028285658
2017-12-29,-0.005153,0.0002511947
2018-01-02,0.008278,0.00034705125
2018-01-03,0.006438,0.00013694016
2018-01-04,0.004242,8.101392e-05
2018-01-05,0.007046,0.00010797815
2018-01-08,0.001809,5.0554605e-05
2018-01-09,0.001561,0.00013821412
2018-01-10,-0.001224,0.00018731924
2018-01-11,0.007104,0.00025262032
2018-01-12,0.006827,0.00012343205
2018-01-16,-0.003477,6.4782245e-05
2018-01-17,0.009444,0.0002218568
2018-01-18,-0.001441,4.0877116e-05
2018-01-19,0.004494,0.00017990678
2018-01-22,0.008095,0.00015244316
2018-01-23,0.002332,4.530736e-05
2018-01-24,-0.000505,0.00012691601
2018-01-25,0.000746,0.0002116303
2018-01-26,0.011833,0.00023750955
2018-01-29,-0.006455,-1.6973412e-05
2018-01-30,-0.01075,0.00024402521
2018-01-31,0.000477,0.00057676976
2018-02-01,-0.000802,0.00042812407
2018-02-02,-0.02082,0.0003702133
2018-02-05,-0.040869,0.0019502213
2018-02-06,0.017497,0.0019893781
2018-02-07,-0.00485,0.00093439216
2018-02-08,-0.037319,0.00067471655
2018-02-09,0.014951,0.001077743
2018-02-12,0.013963,0.00033687672
2018-02-13,0.002875,-3.567824e-05
2018-02-14,0.013778,6.564622e-05
2018-02-15,0.012212,-0.00016167952
2018-02-16,0.000438,-0.00024746067
2018-02-20,-0.006364,5.149195e-06
2018-02-21,-0.005479,0.0002495756
2018-02-22,0.001099,0.00035285225
2018-02-23,0.015958,0.00030390976
2018-02-26,0.011616,-3.862928e-05
2018-02-27,-0.012648,-0.00016223534
2018-02-28,-0.010905,0.0005183684
2018-03-01,-0.013175,0.0007131281
2018-03-02,0.005148,0.0009962118
2018-03-05,0.011092,0.0005534594
2018-03-06,0.002668,0.00016554017
2018-03-07,-0.000409,0.00018096826
2018-03-08,0.004787,0.00023916658
2018-03-09,0.017286,0.00017486236
2018-03-12,-0.001205,-9.8536664e-05
2018-03-13,-0.006243,0.00010278262
2018-03-14,-0.005415,0.00029634117
2018-03-15,-0.000838,0.0003750043
2018-03-16,0.001796,0.00034383012
2018-03-19,-0.014157,0.00028843072
2018-03-20,0.001355,0.00088289584
2018-03-21,-0.00178,0.00057153363
2018-03-22,-0.025057,0.0004570534
2018-03-23,-0.020962,0.0022932168
2018-03-26,0.027133,0.0029094284
2018-03-27,-0.017408,0.0027989154
2018-03-28,-0.002816,0.0025996072
2018-03-29,0.013847,0.0014992097
2018-04-02,-0.022603,0.0006226274
2018-04-03,0.012581,0.0022517075
2018-04-04,0.011636,0.0010292616
2018-04-05,0.007132,0.00039371807
2018-04-06,-0.021919,0.00018538619
2018-04-09,0.003559,0.001917936
2018-04-10,0.016597,0.0010511708
2018-04-11,-0.005493,0.0004090315
2018-04-12,0.00828,0.00042849008
2018-04-13,-0.002918,0.00017011017
2018-04-16,0.008187,0.0002667429
2018-04-17,0.010819,9.1664406e-05
2018-04-18,0.000885,-7.478462e-05
2018-04-19,-0.005289,8.7751774e-05
2018-04-20,-0.008536,0.0002640242
2018-04-23,-4.3e-05,0.00044368842
2018-04-24,-0.013428,0.0003686806
2018-04-25,0.001845,0.00080497254
2018-04-26,0.010462,0.00052477425
2018-04-27,0.001203,0.00016208648
2018-04-30,-0.007996,0.0002051038
2018-05-01,0.002453,0.0003923085
2018-05-02,-0.007358,0.00029923455
2018-05-03,-0.002101,0.0004199372
2018-05-04,0.012933,0.00038525194
2018-05-07,0.00338,3.1887437e-05
2018-05-08,-0.000218,9.5319905e-05
2018-05-09,0.009517,0.00019195644
2018-05-10,0.009527,1.2815755e-05
2018-05-11,0.002117,-7.953256e-05
2018-05-14,0.000948,6.445893e-05
2018-05-15,-0.006736,0.00015897473
2018-05-16,0.004428,0.00033339293
2018-05-17,-0.000679,0.00022865678
2018-05-18,-0.002632,0.00026754697
2018-05-21,0.007425,0.00031414558
2018-05-22,-0.003195,0.0001394613
2018-05-23,0.003406,0.00025629057
2018-05-24,-0.001959,0.0002119407
2018-05-25,-0.00217,0.00027615554
2018-05-29,-0.01146,0.00031227298
2018-05-30,0.012907,0.0006197419
2018-05-31,-0.006667,0.00016140853
2018-06-01,0.010939,0.0003288082
2018-06-04,0.00478,4.5531197e-05
2018-06-05,0.000746,6.982396e-05
2018-06-06,0.008543,0.00016471618
2018-06-07,-0.000614,2.8977112e-05
2018-06-08,0.003144,0.00016412188
2018-06-11,0.001203,0.00017002891
2018-06-12,0.001816,0.00020876844
2018-06-13,-0.003889,0.0002180797
2018-06-14,0.002793,0.00030688668
2018-06-15,-0.000888,0.0002499979
2018-06-18,-0.00202,0.00028142682
2018-06-19,-0.003911,0.00031298207
2018-06-20,0.001673,0.00035612372
2018-06-21,-0.006173,0.00029599012
2018-06-22,0.001881,0.00038859106
2018-06-25,-0.013621,0.00030900742
2018-06-26,0.0022,0.0007866052
2018-06-27,-0.008635,0.00050723774
2018-06-28,0.006236,0.0005643423
2018-06-29,0.000819,0.0002987007
2018-07-02,0.002994,0.00028069888
2018-07-03,-0.004886,0.00023209704
2018-07-05,0.008779,0.00032937538
2018-07-06,0.00851,0.00010284255
2018-07-09,0.009223,-6.5355853e-06
2018-07-10,0.003518,-8.4912754e-05
2018-07-11,-0.006999,3.220982e-05
2018-07-12,0.008888,0.00027145573
2018-07-13,0.001186,7.1331946e-05
2018-07-16,-0.000954,0.00015726686
2018-07-17,0.004152,0.00023462262
2018-07-18,0.001869,0.0001817887
2018-07-19,-0.00389,0.00020204752
2018-07-20,-0.000864,0.00029886785
2018-07-23,0.001797,0.00030658935
2018-07-24,0.004859,0.00026741222
2018-07-25,0.009146,0.00017976132
2018-07-26,-0.003051,1.3792742e-05
2018-07-27,-0.006494,0.00018988806
2018-07-30,-0.005769,0.0003382626
2018-07-31,0.004808,0.00040012598
2018-08-01,-0.001194,0.0002502254
2018-08-02,0.00509,0.0002863133
2018-08-03,0.004861,0.00018432294
2018-08-06,0.003469,0.00014102992
2018-08-07,0.002771,0.00015500249
2018-08-08,-0.000208,0.00017212477
2018-08-09,-0.001117,0.00023190255
2018-08-10,-0.006687,0.00027515757
2018-08-13,-0.003947,0.00039424186
2018-08-14,0.00662,0.00039753132
2018-08-15,-0.007539,0.00020610016
2018-08-16,0.00863,0.0003785277
2018-08-17,0.00334,0.00013549929
2018-08-20,0.002357,0.00015074914
2018-08-21,0.002052,0.00017913294
2018-08-22,-0.000295,0.00019928759
2018-08-23,-0.001718,0.0002468524
2018-08-24,0.006145,0.00029096147
2018-08-27,0.007753,0.00016115449
2018-08-28,0.000302,5.1586714e-05
2018-08-29,0.005908,0.00016317723
2018-08-30,-0.004273,0.00010708027
2018-08-31,0.000257,0.00025589264
2018-09-04,-0.001553,0.00026742707
2018-09-05,-0.002925,0.00029919713
2018-09-06,-0.003484,0.0003344024
2018-09-07,-0.002198,0.00036063808
2018-09-10,0.001961,0.00035641124
2018-09-11,0.003861,0.00029090856
2018-09-12,0.000385,0.00021904189
2018-09-13,0.005413,0.00024722682
2018-09-14,0.000355,0.00016006638
2018-09-17,-0.005689,0.00021715695
2018-09-18,0.005377,0.00033959758
2018-09-19,0.001158,0.00020946986
2018-09-20,0.007913,0.00023019065
2018-09-21,-0.000432,8.802759e-05
2018-09-24,-0.003476,0.0001924618
2018-09-25,-0.001081,0.0002865765
2018-09-26,-0.003269,0.00030224468
2018-09-27,0.002975,0.00034065562
2018-09-28,-4e-06,0.00026545965
2018-10-01,0.00358,0.00027648453
2018-10-02,-0.000503,0.00022085762
2018-10-03,0.000547,0.00026019872
2018-10-04,-0.008027,0.00026554416
2018-10-05,-0.005596,0.00043641534
2018-10-08,-0.000374,0.00045061728
2018-10-09,-0.001132,0.000375633
2018-10-10,-0.03281,0.00034887434
2018-10-11,-0.020415,0.0013085497
2018-10-12,0.014451,0.0022568055
2018-10-15,-0.005826,0.0010274595
2018-10-16,0.021537,0.0007467931
2018-10-17,-0.000107,0.00054498645
2018-10-18,-0.014414,0.00040957017
2018-10-19,-0.000223,0.00093713816
2018-10-22,-0.004162,0.00062139856
2018-10-23,-0.005335,0.00051798375
2018-10-24,-0.030793,0.00048411972
2018-10-25,0.018863,0.0018032913
2018-10-26,-0.017528,0.0009218346
2018-10-29,-0.006758,0.001592634
2018-10-30,0.015768,0.0010541007
2018-10-31,0.010898,0.00039833802
2018-11-01,0.010772,7.521958e-05
2018-11-02,-0.006303,-8.9430716e-05
2018-11-05,0.005278,0.00019148982
2018-11-06,0.006261,0.00013164707
2018-11-07,0.021376,7.390682e-05
2018-11-08,-0.001915,9.467668e-05
2018-11-09,-0.008872,0.00020922975
2018-11-12,-0.01973,0.00042283698
2018-11-13,-0.001557,0.0016949112
2018-11-14,-0.007426,0.001023983
2018-11-15,0.010784,0.00078542763
2018-11-16,0.002068,0.00028840438
2018-11-19,-0.016794,0.0002513463
2018-11-20,-0.017964,0.0011176276
2018-11-21,0.00322,0.0017094339
2018-11-23,-0.006254,0.0009589553
2018-11-26,0.015662,0.00072376296
2018-11-27,0.003142,0.00022471225
2018-11-28,0.023219,0.00019447855
2018-11-29,-0.002023,0.0003667307
2018-11-30,0.008354,0.00035122858
2018-12-03,0.011168,0.0001182415
2018-12-04,-0.032406,-7.9325226e-05
2018-12-06,-0.001166,0.0011608031
2018-12-07,-0.023289,0.000730239
2018-12-10,0.001836,0.0022845704
2018-12-11,-0.000315,0.0012683204
2018-12-12,0.005438,0.0007901296
2018-12-13,-0.000162,0.00042737953
2018-12-14,-0.018966,0.00036071072
2018-12-17,-0.020806,0.0014465156
2018-12-18,0.000361,0.0022914512
2018-12-19,-0.015413,0.0013083054
2018-12-20,-0.015962,0.0013977294
2018-12-21,-0.020924,0.0015034894
2018-12-24,-0.026912,0.0022824677
2018-12-26,0.049762,0.0033875895
2018-12-27,0.008541,0.0033395463
2018-12-28,-0.00105,0.001647657
2018-12-31,0.008649,0.0009849449
2019-01-02,0.001449,0.0003877695
2019-01-03,-0.024185,0.00036112627
2019-01-04,0.034411,0.0008658912
2019-01-07,0.007184,0.0007220234
2019-01-08,0.009812,0.0005118024
2019-01-09,0.004378,0.00038907703
2019-01-10,0.004437,0.00035260254
2019-01-11,-0.000186,0.0003255642
2019-01-14,-0.005098,0.00032737566
2019-01-15,0.010897,0.00033453514
2019-01-16,0.002342,0.0002752195
2019-01-17,0.007688,0.00029377764
2019-01-18,0.013054,0.00026233448
2019-01-22,-0.014128,0.000228322
2019-01-23,0.00224,0.0004857615
2019-01-24,0.001365,0.00039651655
2019-01-25,0.008474,0.0003565956
2019-01-28,-0.007767,0.0002923362
2019-01-29,-0.001588,0.00033285795
2019-01-30,0.015589,0.0003335577
2019-01-31,0.009047,0.000293453
2019-02-01,0.000532,0.00025679468
2019-02-04,0.006822,0.00029164125
2019-02-05,0.004871,0.00026853243
2019-02-06,-0.00218,0.00027134636
2019-02-07,-0.009075,0.0002985507
2019-02-08,0.000911,0.00035377085
2019-02-11,0.000711,0.00033911865
2019-02-12,0.013018,0.00033190925
2019-02-13,0.003121,0.00027438859
2019-02-14,-0.002304,0.00029083272
2019-02-15,0.010844,0.00031080117
2019-02-19,0.001752,0.00025774425
2019-02-20,0.001832,0.00028715574
2019-02-21,-0.003445,0.0002996835
2019-02-22,0.006174,0.00031552996
2019-02-25,0.001318,0.00028900584
2019-02-26,-0.000786,0.0003024812
2019-02-27,-0.000339,0.00031387727
2019-02-28,-0.00231,0.00031984132
2019-03-01,0.006898,0.00032579183
2019-03-04,-0.003768,0.00028922182
2019-03-05,-0.001059,0.0003112874
2019-03-06,-0.006534,0.0003205079
2019-03-07,-0.008,0.00033880887
2019-03-08,-0.002004,0.00036216073
2019-03-11,0.014628,0.00035006384
2019-03-12,0.002939,0.00029961913
2019-03-13,0.007003,0.00030731395
2019-03-14,-0.000529,0.00027700624
2019-03-15,0.004991,0.00030108914
2019-03-18,0.003872,0.0002890351
2019-03-19,3.7e-05,0.00028941332
2019-03-20,-0.002928,0.0003047837
2019-03-21,0.010964,0.00031736397
2019-03-22,-0.018962,0.00026262723
2019-03-25,-0.000717,0.00073114544
2019-03-26,0.00709,0.00052139803
2019-03-27,-0.004685,0.0003942643
2019-03-28,0.003732,0.000366287
2019-03-29,0.006741,0.00033495086
2019-04-01,0.011517,0.000296003
2019-04-02,7.3e-05,0.0002475342
2019-04-03,0.002156,0.00028621883
2019-04-04,0.002351,0.00029794802
2019-04-05,0.004658,0.0003028165
2019-04-08,0.001107,0.00029230735
2019-04-09,-0.005806,0.00030405825
2019-04-10,0.003639,0.0003247814
2019-04-11,2.9e-05,0.00031280593
2019-04-12,0.006635,0.00031846992
2019-04-15,-0.000535,0.0002904185
2019-04-16,0.000547,0.0003069893
2019-04-17,-0.002107,0.00031396563
2019-04-18,0.001579,0.00032127026
2019-04-22,0.001037,0.00032017886
2019-04-23,0.008963,0.00032057322
2019-04-24,-0.002133,0.0002745702
2019-04-25,-0.000425,0.0003006566
2019-04-26,0.004754,0.00031279298
2019-04-29,0.001062,0.00030124295
2019-04-30,0.000885,0.00031009127
2019-05-01,-0.007579,0.0003146435
2019-05-02,-0.002055,0.00035455823
2019-05-03,0.009847,0.00034341757
2019-05-06,-0.004217,0.0002855689
2019-05-07,-0.016479,0.00031232697
2019-05-08,-0.001591,0.000667321
2019-05-09,-0.002655,0.00049414154
2019-05-10,0.004079,0.0004136378
2019-05-13,-0.024222,0.00035999628
2019-05-14,0.008204,0.000879917
2019-05-15,0.006106,0.00059487147
2019-05-16,0.009243,0.0004604076
2019-05-17,-0.005822,0.00036215328
2019-05-20,-0.006675,0.0003589353
2019-05-21,0.008451,0.0003651589
2019-05-22,-0.002695,0.000306717
2019-05-23,-0.011892,0.00031980238
2019-05-24,0.001547,0.00046179543
2019-05-28,-0.008258,0.0003968773
2019-05-29,-0.00688,0.00040323372
2019-05-30,0.002145,0.00039097725
2019-05-31,-0.013026,0.00035666663
2019-06-03,-0.003838,0.0005183369
2019-06-04,0.021459,0.00042488304
2019-06-05,0.008292,0.00041128558
2019-06-06,0.006412,0.00031496765
2019-06-07,0.010716,0.00028415013
2019-06-10,0.00489,0.0002423542
2019-06-11,-0.00033,0.00026231608
2019-06-12,-0.001926,0.0002914706
2019-06-13,0.004364,0.00030839862
2019-06-14,-0.001489,0.00030184453
2019-06-17,0.000955,0.00031332712
2019-06-18,0.009654,0.0003172032
2019-06-19,0.002994,0.0002705807
2019-06-20,0.009615,0.00028914405
2019-06-21,-0.001173,0.00025435572
2019-06-24,-0.001748,0.00028723426
2019-06-25,-0.009528,0.00030542247
2019-06-26,-0.001157,0.00040930617
2019-06-27,0.003914,0.00037208205
2019-06-28,0.005759,0.00033859577
2019-07-01,0.007701,0.0003119921
2019-07-02,0.003009,0.00028337602
2019-07-03,0.007925,0.00029387127
2019-07-05,-0.001645,0.0002707013
2019-07-08,-0.004766,0.00029548263
2019-07-09,0.00161,0.00031876168
2019-07-10,0.004575,0.00031895118
2019-07-11,0.002276,0.00030793663
2019-07-12,0.004736,0.000310285
2019-07-15,0.000259,0.00030119397
2019-07-16,-0.003349,0.00030980777
2019-07-17,-0.006408,0.00032043256
2019-07-18,0.003601,0.0003463997
2019-07-19,-0.006124,0.00032810943
2019-07-22,0.002845,0.0003461383
2019-07-23,0.006862,0.00032998997
2019-07-24,0.004685,0.0002992663
2019-07-25,-0.005342,0.00029525484
2019-07-26,0.007469,0.00032056664
2019-07-29,-0.001819,0.00028858962
2019-07-30,-0.0025,0.00030670455
2019-07-31,-0.010922,0.00031778085
2019-08-01,-0.008869,0.0004398766
2019-08-02,-0.007262,0.0004383347
2019-08-05,-0.029815,0.00041423325
2019-08-06,0.013058,0.000918965
2019-08-07,0.000913,0.000640691
2019-08-08,0.018936,0.00050817087
2019-08-09,-0.00657,0.00043157378
2019-08-12,-0.011969,0.00040076315
2019-08-13,0.014964,0.0005116883
2019-08-14,-0.028994,0.00040506202
2019-08-15,0.003009,0.0009661943
2019-08-16,0.014498,0.0006857853
2019-08-19,0.012123,0.00051445264
2019-08-20,-0.007905,0.00039002695
2019-08-21,0.008248,0.00040003605
2019-08-22,-0.000517,0.0003289896
2019-08-23,-0.025935,0.0003303101
2019-08-26,0.011102,0.0008691987
2019-08-27,-0.003152,0.0005836693
2019-08-28,0.006525,0.00047696714
2019-08-29,0.012822,0.00039018167
2019-08-30,0.000769,0.000309375
2019-09-03,-0.006681,0.00031950467
2019-09-04,0.010909,0.00034313815
2019-09-05,0.013217,0.00028093628
2019-09-06,0.000882,0.00024178428
2019-09-09,0.000104,0.00028402882
2019-09-10,0.000303,0.0003040482
2019-09-11,0.007254,0.0003136403
2019-09-12,0.003021,0.0002830343
2019-09-13,-0.000472,0.00029360218
2019-09-16,-0.003194,0.0003074354
2019-09-17,0.002621,0.0003189541
2019-09-18,0.000336,0.00031560287
2019-09-19,0.000141,0.0003193972
2019-09-20,-0.004882,0.0003217985
2019-09-23,-6.3e-05,0.00033240108
2019-09-24,-0.008351,0.00033015563
2019-09-25,0.006205,0.00037150198
2019-09-26,-0.002448,0.00032492823
2019-09-27,-0.005145,0.00032770837
2019-09-30,0.005126,0.0003369731
2019-10-01,-0.01223,0.00031178084
2019-10-02,-0.017947,0.0004611799
2019-10-03,0.008108,0.0007920426
2019-10-04,0.014223,0.00052930403
2019-10-07,-0.004477,0.00040385925
2019-10-08,-0.015368,0.00037415876
2019-10-09,0.009412,0.00062869524
2019-10-10,0.006456,0.0004394458
2019-10-11,0.011091,0.00035549977
2019-10-14,-0.001421,0.00028392443
2019-10-15,0.009907,0.00030681925
2019-10-16,-0.001846,0.0002601255
2019-10-17,0.002889,0.00029470175
2019-10-18,-0.003943,0.00030073943
2019-10-21,0.006919,0.00031710207
2019-10-22,-0.003536,0.00028659933
2019-10-23,0.002861,0.00030922148
2019-10-24,0.001989,0.0003086777
2019-10-25,0.003951,0.00031099777
2019-10-28,0.005625,0.00030276185
2019-10-29,-0.000959,0.0002868732
2019-10-30,0.003366,0.00030454012
2019-10-31,-0.002915,0.00030298717
2019-11-01,0.009649,0.00031535735
2019-11-04,0.003707,0.00026749322
2019-11-05,-0.001142,0.000283407
2019-11-06,0.000823,0.00030301895
2019-11-07,0.003209,0.000311487
2019-11-08,0.002693,0.00030829458
2019-11-11,-0.002018,0.00030899007
2019-11-12,0.00155,0.00031720276
2019-11-13,0.000776,0.0003178607
2019-11-14,0.001042,0.00031966236
2019-11-15,0.007663,0.0003201809
2019-11-18,0.000594,0.00028500086
2019-11-19,-0.000506,0.0003016115
2019-11-20,-0.003602,0.000312249
2019-11-21,-0.001557,0.00032284705
2019-11-22,0.002199,0.00032624434
2019-11-25,0.00765,0.00032194005
2019-11-26,0.002265,0.00028759945
2019-11-27,0.004273,0.00029935574
2019-11-29,-0.003796,0.0002974108
2019-12-02,-0.008588,0.0003141162
2019-12-03,-0.006563,0.00037308768
2019-12-04,0.006336,0.00037153013
2019-12-05,0.001732,0.00032524433
2019-12-06,0.009108,0.00032160888
2019-12-09,-0.003052,0.00027505783
2019-12-10,-0.001121,0.00030211487
2019-12-11,0.00293,0.00031441727
2019-12-12,0.008631,0.00031216483
2019-12-13,0.000214,0.00027308962
2019-12-16,0.007038,0.00029637103
2019-12-17,0.000398,0.000275562
2019-12-18,-0.000345,0.0002965092
2019-12-19,0.004534,0.00030909386
2019-12-20,0.004896,0.00030036873
2019-12-23,0.000897,0.00029296725
2019-12-24,-0.000132,0.00030482348
2019-12-26,0.005385,0.0003130674
2019-12-27,2.8e-05,0.0002978531
2019-12-30,-0.005631,0.00030891784
2019-12-31,0.002954,0.00032932454
2020-01-02,0.00857,0.00023682616
2020-01-03,-0.00695,0.00015352402
2020-01-06,0.003566,0.00023512747
2020-01-07,-0.002669,0.0002267762
2020-01-08,0.004827,0.00023421572
2020-01-09,0.006939,0.0002127269
2020-01-10,-0.002841,0.00017213702
2020-01-13,0.006957,0.0002062839
2020-01-14,-0.001388,0.00016852628
2020-01-15,0.001782,0.00020468852
2020-01-16,0.008459,0.00022034132
2020-01-17,0.003742,0.00014983735
2020-01-21,-0.002617,0.00018265872
2020-01-22,0.000322,0.00021158923
2020-01-23,0.00119,0.0002259955
2020-01-24,-0.009072,0.00023233719
2020-01-27,-0.015637,0.00034915208
2020-01-28,0.010117,0.0010532765
2020-01-29,-0.000904,0.00055388216
2020-01-30,0.003377,0.0003996977
2020-01-31,-0.017209,0.00031364785
2020-02-03,0.007296,0.0013407723
2020-02-04,0.014994,0.0007526751
2020-02-05,0.011113,0.00036231882
2020-02-06,0.003467,0.00017468809
2020-02-07,-0.005025,0.0001971143
2020-02-10,0.007484,0.0002287201
2020-02-11,0.002015,0.00017833436
2020-02-12,0.006558,0.0002079744
2020-02-13,-0.001323,0.00018136296
2020-02-14,0.001932,0.00021232653
2020-02-18,-0.002658,0.00022415884
2020-02-19,0.004782,0.00023284883
2020-02-20,-0.003852,0.00021703367
2020-02-21,-0.010591,0.00023439646
2020-02-24,-0.033359,0.00045860943
2020-02-25,-0.030269,0.0012251807
2020-02-26,-0.003772,0.0021272688
2020-02-27,-0.043781,0.0011776648
2020-02-28,-0.008242,0.0015167394
2020-03-02,0.045959,0.00092065387
2020-03-03,-0.028014,0.00092364737
2020-03-04,0.04215,0.002316655
2020-03-05,-0.03363,0.0022775617
2020-03-06,-0.016819,0.0027595754
2020-03-09,-0.075275,0.002400194
2020-03-10,0.049281,0.0027249325
2020-03-11,-0.048751,0.0027438088
2020-03-12,-0.095036,0.0027287859
2020-03-13,0.093205,0.002695559
2020-03-16,-0.11897,0.0027253125
2020-03-17,0.060242,0.0026869506
2020-03-18,-0.050477,0.0027066814
2020-03-19,0.00467,0.0026901267
2020-03-20,-0.043187,0.0013986749
2020-03-23,-0.028576,0.0016391946
2020-03-24,0.092646,0.0028973403
2020-03-25,0.010971,0.0028585207
2020-03-26,0.062088,0.0014388005
2020-03-27,-0.033559,0.0014191142
2020-03-30,0.03355,0.0021570055
2020-03-31,-0.015948,0.0021460997
2020-04-01,-0.043645,0.0017942463
2020-04-02,0.022726,0.0020731909
2020-04-03,-0.014551,0.0016814973
2020-04-06,0.070015,0.0013549287
2020-04-07,-0.001665,0.0013980635
2020-04-08,0.033801,0.000815502
2020-04-09,0.014454,0.00096073013
2020-04-13,-0.009366,0.00044839934
2020-04-14,0.030843,0.0004259554
2020-04-15,-0.021556,0.0006036522
2020-04-16,0.00619,0.002100164
2020-04-17,0.026322,0.0011185808
2020-04-20,-0.017771,0.0011720082
2020-04-21,-0.030447,0.0017259214
2020-04-22,0.022846,0.0027282378
2020-04-23,-0.000388,0.0021681515
2020-04-24,0.013758,0.0011919341
2020-04-27,0.014428,0.0005745055
2020-04-28,-0.005305,0.00023743199
2020-04-29,0.026208,0.00024338049
2020-04-30,-0.008936,0.00040688313
2020-05-01,-0.027987,0.00039562158
2020-05-04,0.004454,0.002042038
2020-05-05,0.009042,0.001103963
2020-05-06,-0.006842,0.00056862464
2020-05-07,0.01207,0.0004245004
2020-05-08,0.017096,0.00017177759
2020-05-11,0.000148,3.9733335e-05
2020-05-12,-0.020425,0.00013540307
2020-05-13,-0.017138,0.0016694267
2020-05-14,0.011669,0.0018240402
2020-05-15,0.00427,0.0009327779
2020-05-18,0.031482,0.0005637482
2020-05-19,-0.010403,0.00075105904
2020-05-20,0.016702,0.000619905
2020-05-21,-0.007929,0.00030281962
2020-05-22,0.002457,0.00031354435
2020-05-26,0.012164,0.0002679359
2020-05-27,0.014605,9.173888e-05
2020-05-28,-0.001863,-2.7347705e-05
2020-05-29,0.004922,0.00010317346
2020-06-01,0.003979,0.0001381023
2020-06-02,0.008075,0.0001674715
2020-06-03,0.013602,0.000120112556
2020-06-04,-0.003255,-1.6373815e-06
2020-06-05,0.025805,0.000118865864
2020-06-08,0.012263,0.000287504
2020-06-09,-0.007465,0.00010025894
2020-06-10,-0.005108,0.00021436029
2020-06-11,-0.058263,0.00023572806
2020-06-12,0.013059,0.00081355387
2020-06-15,0.008464,0.00033966723
2020-06-16,0.018946,0.00018093488
2020-06-17,-0.003646,7.397722e-05
2020-06-18,0.000805,0.00015034311
2020-06-19,-0.005284,0.00018985732
2020-06-22,0.006543,0.0002229169
2020-06-23,0.004316,0.00017522642
2020-06-24,-0.025571,0.00018316263
2020-06-25,0.010927,0.0020975347
2020-06-26,-0.024285,0.0010594875
2020-06-29,0.01474,0.0026393128
2020-06-30,0.015346,0.0013986761
2020-07-01,0.005266,0.00071079924
2020-07-02,0.004715,0.00043652763
2020-07-06,0.01607,0.00030769256
2020-07-07,-0.010446,9.95679e-05
2020-07-08,0.007812,0.00032428582
2020-07-09,-0.00493,0.00020690402
2020-07-10,0.0106,0.00022845308
2020-07-13,-0.00953,9.9631055e-05
2020-07-14,0.013302,0.0002768695
2020-07-15,0.008938,8.5027714e-05
2020-07-16,-0.003355,6.144514e-05
2020-07-17,0.002691,0.00015023426
2020-07-20,0.008785,0.00018514408
2020-07-21,0.001624,0.00011465582
2020-07-22,0.005591,0.00017396378
2020-07-23,-0.012421,0.00016813635
2020-07-24,-0.006038,0.0005087639
2020-07-27,0.007415,0.00039450955
2020-07-28,-0.006553,0.00025797996
2020-07-29,0.012316,0.00027164927
2020-07-30,-0.003576,9.723005e-05
2020-07-31,0.007894,0.00016883889
2020-08-03,0.006842,0.00013118339
2020-08-04,0.003775,0.00012895779
2020-08-05,0.006357,0.00016637117
2020-08-06,0.006495,0.0001527888
2020-08-07,0.000845,0.00014469554
2020-08-10,0.002842,0.00019209628
2020-08-11,-0.00802,0.00020699782
2020-08-12,0.014106,0.0002829195
2020-08-13,-0.001655,8.2907965e-05
2020-08-14,-5.2e-05,0.00016041406
2020-08-17,0.002937,0.00020015996
2020-08-18,0.002708,0.0002107568
2020-08-19,-0.004358,0.0002174499
2020-08-20,0.003108,0.00023404034
2020-08-21,0.003508,0.0002279638
2020-08-24,0.01011,0.0002245271
2020-08-25,0.003522,0.00012645166
2020-08-26,0.010173,0.00017381943
2020-08-27,0.001848,0.000110056455
2020-08-28,0.006933,0.00017330359
2020-08-31,-0.002009,0.00015968128
2020-09-01,0.007952,0.00020153611
2020-09-02,0.015351,0.00015723312
2020-09-03,-0.034955,1.51902495e-05
2020-09-04,-0.008178,0.0006103779
2020-09-08,-0.027921,0.0005297726
2020-09-09,0.020237,0.0018634892
2020-09-10,-0.017577,0.0010380833
2020-09-11,0.000399,0.0020954334
2020-09-14,0.012983,0.0011247642
2020-09-15,0.005349,0.00059347926
2020-09-16,-0.004753,0.0003928069
2020-09-17,-0.008466,0.00035741107
2020-09-18,-0.01134,0.00048910425
2020-09-21,-0.011257,0.0008716214
2020-09-22,0.01082,0.001072014
2020-09-23,-0.023827,0.0005044007
2020-09-24,0.003153,0.0022626042
2020-09-25,0.016035,0.0012411003
2020-09-28,0.016099,0.0006044017
2020-09-29,-0.004733,0.00025326543
2020-09-30,0.008263,0.00026667133
2020-10-01,0.005692,0.00020698243
2020-10-02,-0.00976,0.00020263784
2020-10-05,0.01806,0.00048668165
2020-10-06,-0.014074,0.00018483077
2020-10-07,0.017389,0.00094103656
2020-10-08,0.008262,0.00045030532
2020-10-09,0.008996,0.00028231187
2020-10-12,0.016701,0.00019325936
2020-10-13,-0.00613,2.3673289e-05
2020-10-14,-0.006746,0.00017945029
2020-10-15,-0.001529,0.00027048984
2020-10-16,-8.3e-05,0.00024973083
2020-10-19,-0.016384,0.0002458563
2020-10-20,0.004811,0.0013644944
2020-10-21,-0.002255,0.00077867147
2020-10-22,0.005249,0.0005109259
2020-10-23,0.003499,0.00035529182
2020-10-26,-0.018394,0.0002894141
2020-10-27,-0.002814,0.0016810342
2020-10-28,-0.035198,0.00094256055
2020-10-29,0.011972,0.0014998729
2020-10-30,-0.012228,0.00074076594
2020-11-02,0.012177,0.00086076546
2020-11-03,0.017793,0.00041578503
2020-11-04,0.022218,0.00017620888
2020-11-05,0.019562,0.00016540356
2020-11-06,-1.4e-05,5.406025e-05
2020-11-09,0.011808,0.00013680663
2020-11-10,-0.00143,5.0209346e-05
2020-11-11,0.0079,0.00014155143
2020-11-12,-0.009679,0.00013590613
2020-11-13,0.013753,0.00039110953
2020-11-16,0.011511,0.00014822299
2020-11-17,-0.004613,7.24979e-05
2020-11-18,-0.011277,0.00016601945
2020-11-19,0.004214,0.0005271166
2020-11-20,-0.00683,0.0003748086
2020-11-23,0.005592,0.0003580997
2020-11-24,0.016071,0.00027195754
2020-11-25,-0.00139,7.463779e-05
2020-11-27,0.002563,0.00015375411
2020-11-30,-0.004343,0.00019193144
2020-12-01,0.01134,0.00022535327
2020-12-02,0.001739,0.00010360763
2020-12-03,-0.00047,0.00016945999
2020-12-04,0.008764,0.00020281473
2020-12-07,-0.001935,0.00014048279
2020-12-08,0.002839,0.00019013832
2020-12-09,-0.008042,0.00020995368
2020-12-10,-0.001213,0.00033232896
2020-12-11,-0.001222,0.0002839642
2020-12-14,-0.004099,0.00026134905
2020-12-15,0.012959,0.00025793668
2020-12-16,0.001945,9.287891e-05
2020-12-17,0.005728,0.0001630557
2020-12-18,-0.003363,0.00017458427
2020-12-21,-0.004027,0.00021011545
2020-12-22,-0.001989,0.00023235452
2020-12-23,0.000729,0.00023772626
2020-12-24,0.003623,0.00023855222
2020-12-28,0.008919,0.00023225127
2020-12-29,-0.002235,0.00016149788
2020-12-30,0.001484,0.00019921741
2020-12-31,0.006377,0.00013630858
2021-01-04,-0.014456,9.6891425e-05
2021-01-05,0.007089,0.00072237954
2021-01-06,0.005644,0.00039895735
2021-01-07,0.015175,0.00023582693
2021-01-08,0.005929,0.00022914026
2021-01-11,-0.006926,0.00014870852
2021-01-12,0.000608,0.000254631
2021-01-13,0.002202,0.00020147517
2021-01-14,-0.003836,0.00016274257
2021-01-15,-0.007237,0.00019659029
2021-01-19,0.008116,0.00028244156
2021-01-20,0.014159,0.00016182574
2021-01-21,0.000446,0.00015904746
2021-01-22,-0.002842,0.00015570855
2021-01-25,0.003733,0.00018084628
2021-01-26,-0.001275,0.00014022604
2021-01-27,-0.025727,0.0001586464
2021-01-28,0.009418,0.0015833831
2021-01-29,-0.019383,0.0008259474
2021-02-01,0.016284,0.0017747255
2021-02-02,0.014103,0.001137568
2021-02-03,0.000777,0.00067843153
2021-02-04,0.010978,0.00041786232
2021-02-05,0.004043,0.00023563128
2021-02-08,0.00728,0.00016630534
2021-02-09,-0.001149,0.000106284686
2021-02-10,-0.000697,0.0001403584
2021-02-11,0.001754,0.00015374049
2021-02-12,0.004764,0.0001420787
2021-02-16,-0.000602,0.00011215234
2021-02-17,-5.5e-05,0.00013869096
2021-02-18,-0.00463,0.00014797217
2021-02-19,-0.001924,0.00019919768
2021-02-22,-0.007937,0.00019401035
2021-02-23,0.001221,0.0002994829
2021-02-24,0.011304,0.0002199533
2021-02-25,-0.024413,0.00013905723
2021-02-26,-0.004621,0.0016865393
2021-03-01,0.023849,0.0009798602
2021-03-02,-0.008142,0.0013696495
2021-03-03,-0.013228,0.00090743974
2021-03-04,-0.013168,0.0009759364
2021-03-05,0.019351,0.0009807013
2021-03-08,-0.005542,0.0010107381
2021-03-09,0.014698,0.00064876827
2021-03-10,0.006106,0.00045504904
2021-03-11,0.010424,0.0002556323
2021-03-12,0.001315,0.00015065045
2021-03-15,0.006507,0.00014220137
2021-03-16,-0.001675,9.888882e-05
2021-03-17,0.002983,0.00014130503
2021-03-18,-0.015014,0.00012613754
2021-03-19,-0.000361,0.0007958953
2021-03-22,0.007043,0.0004884976
2021-03-23,-0.007555,0.0002766056
2021-03-24,-0.005638,0.00033769
2021-03-25,0.00537,0.00031221495
2021-03-26,0.016138,0.000198238
2021-03-29,-0.000798,0.00024532253
2021-03-30,-0.002865,0.0002119683
2021-03-31,0.003844,0.00021215275
2021-04-01,0.011758,0.00015518523
2021-04-05,0.014844,0.0001042902
2021-04-06,-0.000815,0.0001450323
2021-04-07,0.0014,0.0001559408
2021-04-08,0.004571,0.00014791547
2021-04-09,0.007657,0.00011594751
2021-04-12,-5.1e-05,7.8546174e-05
2021-04-13,0.003534,0.00011759691
2021-04-14,-0.004158,0.000109745306
2021-04-15,0.011068,0.00017339378
2021-04-16,0.003581,0.00010861782
2021-04-19,-0.005326,0.00010443112
2021-04-20,-0.006726,0.00019177856
2021-04-21,0.00931,0.00026753423
2021-04-22,-0.009237,0.00015232063
2021-04-23,0.010961,0.00034473813
2021-04-26,0.001814,0.00019562527
2021-04-27,-0.000326,0.00016290389
2021-04-28,-0.00072,0.00016244626
2021-04-29,0.006769,0.00016565432
2021-04-30,-0.00687,0.000109066896
2021-05-03,0.002564,0.00024288734
2021-05-04,-0.006907,0.00018026648
2021-05-05,0.000718,0.00027973822
2021-05-06,0.008241,0.00021249904
2021-05-07,0.007419,0.00012339713
2021-05-10,-0.010683,8.295328e-05
2021-05-11,-0.008571,0.0003889392
2021-05-12,-0.021445,0.00042841095
2021-05-13,0.012223,0.0017639952
2021-05-14,0.015167,0.0009584266
2021-05-17,-0.002492,0.00062873034
2021-05-18,-0.0083,0.00041752876
2021-05-19,-0.00287,0.0004296262
2021-05-20,0.010717,0.00031884311
2021-05-21,-0.000865,0.0001853673
2021-05-24,0.010082,0.0001779194
2021-05-25,-0.002094,0.00010702512
2021-05-26,0.002033,0.00014865363
2021-05-27,0.001228,0.00013738102
2021-05-28,0.000802,0.00013780501
2021-06-01,-0.000367,0.00014105669
2021-06-02,0.001474,0.0001515696
2021-06-03,-0.003606,0.00014297065
2021-06-04,0.008929,0.0001821712
2021-06-07,-0.000694,0.00010935782
2021-06-08,0.00036,0.00013803956
2021-06-09,-0.001831,0.00014461784
2021-06-10,0.004762,0.00016517771
2021-06-11,0.00197,0.00012389568
2021-06-14,0.002089,0.00012511725
2021-06-15,-0.002041,0.00012479277
2021-06-16,-0.005393,0.00015706304
2021-06-17,-0.00015,0.00021658438
2021-06-18,-0.012998,0.00018774407
2021-06-21,0.01394,0.0005898073
2021-06-22,0.005163,0.00039523054
2021-06-23,-0.000985,0.00023863833
2021-06-24,0.005864,0.0002063336
2021-06-25,0.00325,0.00013660657
2021-06-28,0.002246,0.00012158963
2021-06-29,0.000272,0.00012180177
2021-06-30,0.001445,0.00013688879
2021-07-01,0.005164,0.00013572568
2021-07-02,0.007751,0.000105729676
2021-07-06,-0.001723,7.3381874e-05
2021-07-07,0.003334,0.00012810121
2021-07-08,-0.008136,0.000116550946
2021-07-09,0.011143,0.00026777576
2021-07-12,0.00352,0.0001616515
2021-07-13,-0.003597,0.0001322988
2021-07-14,0.001294,0.0001768826
2021-07-15,-0.003349,0.00015730067
2021-07-16,-0.007496,0.0001864743
2021-07-19,-0.015761,0.00027988537
2021-07-20,0.015235,0.0009450617
2021-07-21,0.00814,0.00063940446
2021-07-22,0.002072,0.0003459843
2021-07-23,0.010027,0.00023778688
2021-07-26,0.002546,0.00013965936
2021-07-27,-0.004933,0.00012890415
2021-07-28,-0.000167,0.00019348916
2021-07-29,0.00439,0.00017745662
2021-07-30,-0.00563,0.00013312671
2021-08-02,-0.001672,0.00021114862
2021-08-03,0.008247,0.0001968081
2021-08-04,-0.004537,0.00011796391
2021-08-05,0.006142,0.00018200657
2021-08-06,0.001615,0.00012196813
2021-08-09,-0.000557,0.00012683417
2021-08-10,0.000976,0.00014573097
2021-08-11,0.002297,0.00014379216
2021-08-12,0.003263,0.00013264865
2021-08-13,0.001551,0.00011931188
2021-08-16,0.002374,0.00012593632
2021-08-17,-0.007015,0.00012294718
2021-08-18,-0.010471,0.00023252971
2021-08-19,0.001095,0.00042645
2021-08-20,0.008181,0.00028654424
2021-08-23,0.008789,0.00016657767
2021-08-24,0.001546,0.00010177461
2021-08-25,0.002172,0.000117190124
2021-08-26,-0.005823,0.00012020103
2021-08-27,0.008814,0.00020758665
2021-08-30,0.004514,0.00012149449
2021-08-31,-0.001075,0.00010381403
2021-09-01,0.000448,0.00013836075
2021-09-02,0.002894,0.00014408884
2021-09-03,-0.000222,0.00012815249
2021-09-07,-0.003154,0.00014390785
2021-09-08,-0.001246,0.00017800479
2021-09-09,-0.00452,0.00017721357
2021-09-10,-0.007797,0.00021129826
2021-09-13,0.002151,0.00030002734
2021-09-14,-0.005603,0.00021284397
2021-09-15,0.008445,0.00024582748
2021-09-16,-0.001413,0.00014408428
2021-09-17,-0.009047,0.00016166834
2021-09-20,-0.017067,0.0003220212
2021-09-21,-0.000723,0.0011175635
2021-09-22,0.009622,0.00065517134
2021-09-23,0.012149,0.0003588111
2021-09-24,0.001582,0.00022557311
2021-09-27,-0.002696,0.00018078901
2021-09-28,-0.020262,0.00019141697
2021-09-29,0.001667,0.0014810092
2021-09-30,-0.011857,0.00081637
2021-10-01,0.011278,0.0007896691
2021-10-04,-0.012921,0.00044462492
2021-10-05,0.010615,0.0006766542
2021-10-06,0.004041,0.00038239153
2021-10-07,0.008542,0.0002403057
2021-10-08,-0.001875,0.00014379306
2021-10-11,-0.006783,0.00016482323
2021-10-12,-0.002256,0.00023910457
2021-10-13,0.003015,0.00021643411
2021-10-14,0.017007,0.00016344606
2021-10-15,0.007598,0.00035369897
2021-10-18,0.003602,0.00020016727
2021-10-19,0.007351,0.00014963752
2021-10-20,0.003599,9.971217e-05
2021-10-21,0.003055,9.917421e-05
2021-10-22,-0.001036,0.000104072096
2021-10-25,0.005075,0.00013789933
2021-10-26,0.001778,0.00010744613
2021-10-27,-0.004915,0.000118130265
2021-10-28,0.009967,0.00018417917
2021-10-29,0.002005,0.000116001174
2021-11-01,0.002094,0.00012089143
2021-11-02,0.003559,0.00012244537
2021-11-03,0.00677,0.000111659116
2021-11-04,0.004298,8.235278e-05
2021-11-05,0.003764,8.532524e-05
2021-11-08,0.000482,9.111245e-05
2021-11-09,-0.003828,0.00011970979
2021-11-10,-0.00783,0.00017333875
2021-11-11,0.000478,0.00028170669
2021-11-12,0.007066,0.00021521006
2021-11-15,1e-06,0.00013389671
2021-11-16,0.003885,0.00014531243
2021-11-17,-0.002252,0.00012086367
2021-11-18,0.003638,0.00015656484
2021-11-19,-0.001335,0.00012851213
2021-11-22,-0.003065,0.00015262765
2021-11-23,0.001467,0.00018049474
2021-11-24,0.002341,0.0001577365
2021-11-26,-0.022706,0.00013937222
2021-11-29,0.013275,0.0016570687
2021-11-30,-0.018746,0.0009411067
2021-12-01,-0.01212,0.0016943883
2021-12-02,0.014156,0.0012668389
2021-12-03,-0.008539,0.0007809183
2021-12-06,0.011676,0.0006059869
2021-12-07,0.020714,0.00035643252
2021-12-08,0.003085,0.0007425401
2021-12-09,-0.007242,0.00043372696
2021-12-10,0.009765,0.00039610037
2021-12-13,-0.009225,0.00022348724
2021-12-14,-0.007209,0.00035435078
2021-12-15,0.016492,0.00035124682
2021-12-16,-0.008979,0.00039689612
2021-12-17,-0.010215,0.00043776006
2021-12-20,-0.011578,0.00050847704
2021-12-21,0.01788,0.00061625615
2021-12-22,0.010379,0.0006595169
2021-12-23,0.006407,0.000364115
2021-12-27,0.013645,0.0002138361
2021-12-28,-0.000978,0.00018906078
2021-12-29,0.001275,0.0001815788
2021-12-30,-0.002951,0.00016010803
2021-12-31,-0.002604,0.00042072064
2022-01-03,0.007068,0.00042177612
2022-01-04,-0.000884,0.00042061644
2022-01-05,-0.019447,0.00042169023
2022-01-06,-0.001074,0.00082710315
2022-01-07,-0.00405,0.0006185478
2022-01-10,-0.001293,0.00052380573
2022-01-11,0.00926,0.00048247728
2022-01-12,0.002872,0.00045078725
2022-01-13,-0.014269,0.000442182
2022-01-14,0.000827,0.0006160067
2022-01-18,-0.018416,0.0005298077
2022-01-19,-0.009762,0.00083448924
2022-01-20,-0.01098,0.00064962485
2022-01-21,-0.019144,0.0006028615
2022-01-24,0.00277,0.00089048676
2022-01-25,-0.012309,0.00067316217
2022-01-26,-0.001522,0.00063644804
2022-01-27,-0.005763,0.00054614857
2022-01-28,0.024556,0.0004925828
2022-01-31,0.019292,0.00048891036
2022-02-01,0.006876,0.0004621724
2022-02-02,0.009221,0.00042126767
2022-02-03,-0.023901,0.00039411645
2022-02-04,0.005949,0.00092079665
2022-02-07,-0.003711,0.0006760678
2022-02-08,0.008489,0.00056105375
2022-02-09,0.014513,0.00050136383
2022-02-10,-0.017973,0.0004652056
2022-02-11,-0.019144,0.0007934411
2022-02-14,-0.003569,0.0009541791
2022-02-15,0.015987,0.0006769825
2022-02-16,0.001096,0.0005941544
2022-02-17,-0.021027,0.00052054727
2022-02-18,-0.007154,0.0009243538
2022-02-22,-0.010288,0.0006646987
2022-02-23,-0.018682,0.0005869727
2022-02-24,0.015284,0.00083724875
2022-02-25,0.022328,0.000686068
2022-02-28,-0.002131,0.0006542778
2022-03-01,-0.01532,0.00052694604
2022-03-02,0.018467,0.0006663214
2022-03-03,-0.00534,0.0006130822
2022-03-04,-0.007821,0.00052058406
2022-03-07,-0.029708,0.00048523242
2022-03-08,-0.007213,0.0009910096
2022-03-09,0.025961,0.00071926025
2022-03-10,-0.003851,0.0006238121
2022-03-11,-0.012938,0.00050408137
2022-03-14,-0.007338,0.00055638404
2022-03-15,0.021584,0.00049837737
2022-03-16,0.02247,0.0005047024
2022-03-17,0.012463,0.0005047154
2022-03-18,0.011845,0.0004247992
2022-03-21,-0.000504,0.00039007218
2022-03-22,0.011691,0.000406511
2022-03-23,-0.012126,0.000387958
2022-03-24,0.014291,0.00050550676
2022-03-25,0.004892,0.00046665818
2022-03-28,0.007667,0.00044610686
2022-03-29,0.012265,0.0004220058
2022-03-30,-0.0062,0.00039996766
2022-03-31,-0.015582,0.00041466707
2022-04-01,0.003567,0.0006566384
2022-04-04,0.008523,0.0005457451
2022-04-05,-0.012605,0.0004830233
2022-04-06,-0.0098,0.0005663348
2022-04-07,0.00426,0.0005351888
2022-04-08,-0.002892,0.00049198815
2022-04-11,-0.017024,0.00046069446
2022-04-12,-0.003266,0.000727945
2022-04-13,0.011842,0.00057507725
2022-04-14,-0.012254,0.0005030985
2022-04-18,-0.000323,0.00055991963
2022-04-19,0.016246,0.00050099
2022-04-20,-0.000906,0.00048411434
2022-04-21,-0.014461,0.0004602238
2022-04-22,-0.027733,0.00060711056
2022-04-25,0.005687,0.0010510171
2022-04-26,-0.028578,0.0007622943
2022-04-27,0.002047,0.0010641217
2022-04-28,0.024755,0.0007706449
2022-04-29,-0.036625,0.0006599207
2022-05-02,0.005754,0.0010665848
2022-05-03,0.004805,0.0007782731
2022-05-04,0.029917,0.0006359151
2022-05-05,-0.035704,0.0005426001
2022-05-06,-0.005694,0.0010226325
2022-05-09,-0.032097,0.00072986534
2022-05-10,0.00243,0.0010147153
2022-05-11,-0.016731,0.0007517665
2022-05-12,-0.000901,0.00076682423
2022-05-13,0.024221,0.0006207005
2022-05-16,-0.00425,0.0005739146
2022-05-17,0.019664,0.00048108728
2022-05-18,-0.040581,0.00046869184
2022-05-19,-0.005853,0.0010019153
2022-05-20,4.6e-05,0.0007434008
2022-05-23,0.018698,0.0006239405
2022-05-24,-0.008435,0.0005745764
2022-05-25,0.009641,0.0005085999
2022-05-26,0.020241,0.00045553406
2022-05-27,0.025117,0.00045993974
2022-05-31,-0.005923,0.00048322615
2022-06-01,-0.007374,0.00045257903
2022-06-02,0.018692,0.00044116835
2022-06-03,-0.0166,0.00044511148
2022-06-06,0.00328,0.00068699586
2022-06-07,0.009326,0.0005571759
2022-06-08,-0.010664,0.00047644615
2022-06-09,-0.023713,0.00048421964
2022-06-10,-0.028969,0.0009429734
2022-06-13,-0.038909,0.0011284363
2022-06-14,-0.002986,0.0011712381
2022-06-15,0.014826,0.0008021627
2022-06-16,-0.032319,0.00067161163
2022-06-17,0.002414,0.0010754832
2022-06-21,0.024797,0.00078871823
2022-06-22,-0.001251,0.0006707983
2022-06-23,0.009778,0.0005294958
2022-06-24,0.030494,0.00045317743
2022-06-27,-0.003033,0.00045890012
2022-06-28,-0.020356,0.00047750096
2022-06-29,-0.000546,0.00078896317
2022-06-30,-0.008658,0.00061089685
2022-07-01,0.010765,0.0005248937
2022-07-05,0.002174,0.00047796822
2022-07-06,0.003536,0.00045755098
2022-07-07,0.015114,0.00043802572
2022-07-08,-0.000675,0.00043123806
2022-07-11,-0.011747,0.0004300206
2022-07-12,-0.009142,0.00047094343
2022-07-13,-0.004317,0.00045908353
2022-07-14,-0.00266,0.0004453689
2022-07-15,0.019092,0.00043987084
2022-07-18,-0.008342,0.00044478822
2022-07-19,0.027587,0.00044133895
2022-07-20,0.005996,0.00045472212
2022-07-21,0.010359,0.00041897933
2022-07-22,-0.009222,0.00039065373
2022-07-25,0.001217,0.00043167055
2022-07-26,-0.012078,0.00043410165
2022-07-27,0.026366,0.00049496186
2022-07-28,0.012401,0.00049024826
2022-07-29,0.014857,0.0004124656
2022-08-01,-0.002696,0.00040219957
2022-08-02,-0.006535,0.0004179118
2022-08-03,0.015656,0.00042354857
2022-08-04,-0.000744,0.00042818428
2022-08-05,-0.001804,0.00043228015
2022-08-08,-0.001232,0.00042863758
2022-08-09,-0.004141,0.00042813557
2022-08-10,0.021316,0.00042518406
2022-08-11,-0.000588,0.00043199648
2022-08-12,0.017606,0.00042106057
2022-08-15,0.004108,0.0004229347
2022-08-16,0.002097,0.00041692765
2022-08-17,-0.007061,0.00041674037
2022-08-18,0.002346,0.00042089832
2022-08-19,-0.012847,0.00042583662
2022-08-22,-0.021255,0.0005288605
2022-08-23,-0.002117,0.0009175871
2022-08-24,0.002939,0.0006738029
2022-08-25,0.01402,0.0005718726
2022-08-26,-0.033627,0.0005119046
2022-08-29,-0.006521,0.000998362
2022-08-30,-0.010891,0.0007347688
2022-08-31,-0.007582,0.0006420054
2022-09-01,0.003311,0.0005570295
2022-09-02,-0.010674,0.00051290885
2022-09-06,-0.003943,0.00051309506
2022-09-07,0.018526,0.00047818667
2022-09-08,0.006667,0.0004834189
2022-09-09,0.015416,0.0004412129
2022-09-12,0.010676,0.00042741958
2022-09-13,-0.043147,0.00039797797
2022-09-14,0.003801,0.0008177456
2022-09-15,-0.011139,0.0006714077
2022-09-16,-0.007275,0.00060897233
2022-09-19,0.006932,0.0005364573
2022-09-20,-0.011136,0.0004907163
2022-09-21,-0.017027,0.0005029784
2022-09-22,-0.008566,0.00068328745
2022-09-23,-0.017479,0.00056561496
2022-09-26,-0.009991,0.00072323665
2022-09-27,-0.002054,0.0005915589
2022-09-28,0.01973,0.0005219816
2022-09-29,-0.021155,0.000510767
2022-09-30,-0.015014,0.0008854376
2022-10-03,0.025506,0.0007430331
2022-10-04,0.03073,0.0006891234
2022-10-05,-0.002047,0.0006973826
2022-10-06,-0.009939,0.0005729758
2022-10-07,-0.028001,0.00053184386
2022-10-10,-0.007292,0.0010133486
2022-10-11,-0.006459,0.00072286406
2022-10-12,-0.00322,0.00059598
2022-10-13,0.025674,0.00053004536
2022-10-14,-0.023847,0.0004990472
2022-10-17,0.026605,0.0009354935
2022-10-18,0.011605,0.0007687507
2022-10-19,-0.006619,0.00053860556
2022-10-20,-0.007731,0.00047205412
2022-10-21,0.023704,0.00045174928
2022-10-24,0.011759,0.0004602615
2022-10-25,0.016229,0.0003981251
2022-10-26,-0.007264,0.00040435468
2022-10-27,-0.006063,0.00042492393
2022-10-28,0.02446,0.0004243301
2022-10-31,-0.00721,0.00043544153
2022-11-01,-0.004352,0.00042655296
2022-11-02,-0.025021,0.00042171509
2022-11-03,-0.010445,0.00092557754
2022-11-04,0.013568,0.0006873858
2022-11-07,0.009414,0.00059235183
2022-11-08,0.005322,0.0005176042
2022-11-09,-0.020746,0.00047475056
2022-11-10,0.055196,0.000873522
2022-11-11,0.009163,0.0006349799
2022-11-14,-0.008883,0.0005050951
2022-11-15,0.009071,0.00050444435
2022-11-16,-0.007901,0.00046589403
2022-11-17,-0.002875,0.0004678139
2022-11-18,0.004706,0.00045216305
2022-11-21,-0.003936,0.00044487268
2022-11-22,0.013493,0.0004332657
2022-11-23,0.006105,0.00042111144
2022-11-25,-0.000257,0.00041742242
2022-11-28,-0.015199,0.00041887737
2022-11-29,-0.001637,0.0006067241
2022-11-30,0.03114,0.0005189804
2022-12-01,-0.000571,0.00048566697
2022-12-02,-0.0011,0.00047347255
2022-12-05,-0.01803,0.00046541006
2022-12-06,-0.014438,0.00075653545
2022-12-07,-0.001944,0.0007185552
2022-12-08,0.007511,0.0005861724
2022-12-09,-0.007392,0.00051504985
2022-12-12,0.014075,0.0004833126
2022-12-13,0.007047,0.00046196306
2022-12-14,-0.005843,0.00044069227
2022-12-15,-0.024709,0.00043317312
2022-12-16,-0.011105,0.0009379359
2022-12-19,-0.008911,0.0007195134
2022-12-20,0.000957,0.0006074349
2022-12-21,0.014919,0.0005429364
2022-12-22,-0.014537,0.00050566543
2022-12-23,0.005843,0.0006495889
2022-12-27,-0.004124,0.0005441021
2022-12-28,-0.01206,0.00048607046
2022-12-29,0.017556,0.0005432646
2022-12-30,-0.002393,0.0005298822